date,team,sen_pos,sen_neu,sen_neg,sen_com,par_pos,par_neu,par_neg,par_com,won
2018-03-07 11:34:36.808376,Philadelphia,2.713,23.007999999999996,1.279,2.4022,0.1,0.847,0.054,0.9531,True
2018-03-07 11:34:36.808376,Dallas,1.8639999999999999,24.596,0.54,2.2355000000000005,0.089,0.883,0.028,0.9478,True
2018-03-07 11:34:36.808376,Golden State,3.6090000000000004,22.093,1.299,4.9945,0.16,0.778,0.062,0.9934,True
2018-03-07 11:34:36.808376,New Orleans,2.8430000000000004,22.169999999999998,1.99,1.6105,0.113,0.799,0.088,0.9031,True
2018-03-07 11:34:36.808376,Houston,2.469,22.855999999999998,1.675,0.7751000000000001,0.077,0.855,0.069,0.6732,True
2018-03-07 11:34:36.808376,Portland,2.855,23.730999999999998,0.41500000000000004,4.9685,0.111,0.873,0.016,0.9869,True
2018-03-07 11:34:36.808376,Toronto,2.4730000000000003,21.966000000000005,2.5610000000000004,0.7299000000000004,0.111,0.796,0.093,0.8555,True
2018-03-07 11:34:36.808376,Washington,0.747,25.424999999999997,0.8280000000000001,1.0067999999999997,0.068,0.892,0.04,0.8353,True
2018-03-07 11:34:36.808376,Charlotte,1.3760000000000001,22.316,1.308,-0.37539999999999996,0.054,0.887,0.06,-0.6237,False
2018-03-07 11:34:36.808376,Denver,2.595,22.374999999999996,1.03,1.4918,0.083,0.853,0.064,0.8307,False
2018-03-07 11:34:36.808376,Brooklyn,2.485,23.336999999999996,1.177,1.1923,0.107,0.847,0.046,0.9453,False
2018-03-07 11:34:36.808376,LA Clippers,1.259,25.575,0.166,1.5073,0.062,0.916,0.022,0.9017,False
2018-03-07 11:34:36.808376,Oklahoma City,1.7039999999999997,23.159,2.137,-0.8088,0.07,0.845,0.085,-0.7975,False
2018-03-07 11:34:36.808376,New York,1.052,23.634,1.315,-1.0384,0.06,0.874,0.066,0.6654,False
2018-03-07 11:34:36.808376,Atlanta,2.326,24.115999999999996,0.558,3.4286999999999996,0.107,0.861,0.032,0.9751,False
2018-03-07 11:34:36.808376,Miami,1.729,23.144000000000002,1.127,0.07899999999999988,0.081,0.852,0.067,0.8268,False
2018-03-08 11:34:30.188892,Chicago,2.0530000000000004,23.001,0.9470000000000001,2.6207000000000003,0.103,0.861,0.036,0.9737,True
2018-03-08 11:34:30.188892,Cleveland,4.4959999999999996,21.581999999999997,0.923,7.5194,0.231,0.724,0.045,0.9985,True
2018-03-08 11:34:30.188892,Toronto,3.227,22.570000000000004,1.203,3.5608000000000004,0.152,0.814,0.034,0.9881,True
2018-03-08 11:34:30.188892,Utah,3.373,22.081,1.5450000000000002,3.0021000000000004,0.135,0.791,0.073,0.9717,True
2018-03-08 11:34:30.188892,LA Lakers,2.234,24.202,0.5640000000000001,4.4376,0.114,0.866,0.019,0.9885,True
2018-03-08 11:34:30.188892,Houston,3.564,21.680999999999997,0.755,4.241700000000001,0.156,0.793,0.051,0.9844,True
2018-03-08 11:34:30.188892,New Orleans,2.998,21.597,2.408,1.0213,0.114,0.791,0.095,0.8791,True
2018-03-08 11:34:30.188892,Memphis,4.278,20.994999999999997,1.727,3.3248,0.149,0.784,0.067,0.9815,False
2018-03-08 11:34:30.188892,Denver,1.5210000000000001,23.547999999999995,0.931,0.26680000000000004,0.052,0.897,0.052,-0.0752,False
2018-03-08 11:34:30.188892,Detroit,2.142,23.088999999999995,1.769,0.9048999999999998,0.097,0.838,0.065,0.9053,False
2018-03-08 11:34:30.188892,Indiana,2.065,23.087999999999997,1.8470000000000002,1.1683000000000001,0.101,0.847,0.053,0.9276,False
2018-03-08 11:34:30.188892,Orlando,3.4130000000000007,21.160999999999998,1.4260000000000002,2.056,0.125,0.807,0.068,0.9579,False
2018-03-08 11:34:30.188892,Milwaukee,4.324000000000001,20.615,2.0620000000000003,2.0195,0.166,0.732,0.102,0.9501,False
2018-03-08 11:34:30.188892,Sacramento,2.124,23.086000000000006,0.79,1.4399000000000002,0.09,0.871,0.04,0.9122,False
2018-03-09 11:34:18.255808,Brooklyn,3.1149999999999998,22.346,0.5389999999999999,5.5024,0.184,0.797,0.018,0.9963,True
2018-03-09 11:34:18.255808,Golden State,2.025,23.570999999999998,1.404,1.9842999999999997,0.115,0.819,0.066,0.9879,True
2018-03-09 11:34:18.255808,Miami,3.086,22.075999999999997,1.8389999999999997,1.3246000000000002,0.129,0.793,0.078,0.9745,True
2018-03-09 11:34:18.255808,Boston,3.772,22.875,0.355,9.9241,0.155,0.833,0.012,0.998,True
2018-03-09 11:34:18.255808,Oklahoma City,3.189,22.568,1.243,3.0872,0.139,0.814,0.048,0.9738,True
2018-03-09 11:34:18.255808,Charlotte,1.2229999999999999,22.774,1.0030000000000001,-0.33869999999999995,0.063,0.865,0.072,-0.7752,False
2018-03-09 11:34:18.255808,San Antonio,1.998,22.79,2.211,0.14150000000000018,0.108,0.824,0.068,0.9539,False
2018-03-09 11:34:18.255808,Philadelphia,3.821,21.121,2.057,2.7153,0.144,0.769,0.087,0.9656,False
2018-03-09 11:34:18.255808,Minnesota,3.539,22.457,1.004,3.5516999999999994,0.114,0.851,0.035,0.9792,False
2018-03-09 11:34:18.255808,Phoenix,2.6879999999999997,21.506,1.8079999999999998,1.2970000000000002,0.126,0.783,0.09,0.8288,False
2018-03-10 11:34:33.635044,Denver,1.858,24.770999999999997,0.371,2.4758999999999998,0.077,0.901,0.022,0.95,True
2018-03-10 11:34:33.635044,Detroit,2.438,23.795999999999996,0.766,4.6495999999999995,0.156,0.816,0.029,0.994,True
2018-03-10 11:34:33.635044,Indiana,4.847,20.628,1.5230000000000001,6.510300000000002,0.19,0.731,0.079,0.9937,True
2018-03-10 11:34:33.635044,LA Clippers,1.474,24.714,0.812,1.4741,0.072,0.909,0.019,0.9426,True
2018-03-10 11:34:33.635044,Utah,2.521,22.044999999999998,2.4339999999999997,1.4718,0.111,0.806,0.083,0.8578,True
2018-03-10 11:34:33.635044,Milwaukee,1.558,24.547999999999995,0.894,1.064,0.082,0.887,0.031,0.9297,True
2018-03-10 11:34:33.635044,Washington,1.78,23.862000000000005,1.359,1.0185,0.075,0.87,0.056,0.6063,True
2018-03-10 11:34:33.635044,Portland,2.79,22.509,1.7000000000000002,1.7102000000000002,0.113,0.823,0.064,0.9332,True
2018-03-10 11:34:33.635044,Sacramento,3.6960000000000006,21.336,1.97,2.2595000000000005,0.146,0.777,0.077,0.9652,True
2018-03-10 11:34:33.635044,Toronto,3.698,20.974999999999998,2.327,2.7901999999999996,0.161,0.747,0.091,0.9705,True
2018-03-10 11:34:33.635044,LA Lakers,1.1630000000000003,24.539000000000005,1.298,1.3123999999999998,0.115,0.833,0.052,0.988,False
2018-03-10 11:34:33.635044,Chicago,1.425,24.394000000000005,1.1809999999999998,1.7258,0.073,0.897,0.03,0.9254,False
2018-03-10 11:34:33.635044,Atlanta,2.5820000000000003,23.723000000000003,0.695,3.4732999999999996,0.103,0.866,0.031,0.9764,False
2018-03-10 11:34:33.635044,Cleveland,2.038,24.077,0.885,2.2872000000000003,0.093,0.881,0.026,0.9812,False
2018-03-10 11:34:33.635044,Memphis,4.199,21.441000000000003,1.36,5.2970999999999995,0.16,0.805,0.035,0.9918,False
2018-03-10 11:34:33.635044,New York,2.3890000000000002,21.516,2.097,1.6005,0.112,0.8,0.088,0.9196,False
2018-03-10 11:34:33.635044,New Orleans,2.996,22.568999999999996,1.4340000000000002,3.2331000000000003,0.157,0.785,0.057,0.9926,False
2018-03-10 11:34:33.635044,Golden State,1.4739999999999998,24.358,1.169,0.49279999999999974,0.063,0.891,0.046,0.8691,False
2018-03-10 11:34:33.635044,Orlando,1.7810000000000001,22.91,1.31,-0.6765999999999998,0.059,0.868,0.073,-0.8454,False
2018-03-10 11:34:33.635044,Houston,3.3640000000000003,20.924,1.7120000000000002,2.2814,0.144,0.77,0.086,0.9414,False
2018-03-11 16:34:23.510114,Charlotte,1.835,22.287999999999997,0.877,1.1677,0.066,0.898,0.037,0.6206,True
2018-03-11 16:34:23.510114,Dallas,2.976,22.057000000000002,0.967,2.8321999999999994,0.094,0.855,0.051,0.9432,True
2018-03-11 16:34:23.510114,LA Clippers,1.266,24.901999999999997,0.8320000000000001,1.1659000000000002,0.061,0.908,0.03,0.8602,True
2018-03-11 16:34:23.510114,Miami,2.904,21.971999999999998,1.123,3.9341,0.103,0.862,0.034,0.9608,True
2018-03-11 16:34:23.510114,Oklahoma City,4.101999999999999,22.218,0.68,4.9043,0.173,0.783,0.044,0.9934,True
2018-03-11 16:34:23.510114,Phoenix,1.782,22.288999999999998,0.929,0.8019000000000001,0.077,0.861,0.062,0.3182,False
2018-03-11 16:34:23.510114,Memphis,3.165,22.983,0.8520000000000001,3.8205999999999998,0.112,0.86,0.028,0.9826,False
2018-03-11 16:34:23.510114,Orlando,2.036,22.543,1.422,-0.8784,0.07,0.834,0.096,-0.8711,False
2018-03-11 16:34:23.510114,Washington,1.7249999999999999,24.737999999999992,0.538,1.9194000000000002,0.069,0.908,0.024,0.9252,False
2018-03-11 16:34:23.510114,San Antonio,2.12,22.026000000000003,1.854,-0.06350000000000006,0.078,0.832,0.09,-0.6552,False
2018-03-12 16:35:06.191356,Chicago,1.0090000000000001,23.275000000000002,1.716,-2.4044,0.045,0.856,0.099,-0.9619,True
2018-03-12 16:35:06.191356,Indiana,3.9979999999999998,22.106999999999996,0.894,4.4270000000000005,0.198,0.729,0.074,0.9925,True
2018-03-12 16:35:06.191356,Philadelphia,1.7940000000000003,21.964000000000002,3.242,-2.9635000000000002,0.084,0.774,0.142,-0.9719,True
2018-03-12 16:35:06.191356,Houston,2.6170000000000004,23.221,1.162,2.8043,0.147,0.802,0.051,0.9883,True
2018-03-12 16:35:06.191356,Denver,1.451,23.777,0.772,1.4998,0.068,0.89,0.041,0.9023,True
2018-03-12 16:35:06.191356,LA Lakers,3.5700000000000007,22.584,0.844,5.702100000000001,0.114,0.837,0.048,0.9625,True
2018-03-12 16:35:06.191356,Minnesota,2.6980000000000004,22.938,0.364,4.354099999999999,0.123,0.849,0.028,0.9704,True
2018-03-12 16:35:06.191356,Utah,5.210999999999999,20.921999999999997,0.867,6.2613,0.159,0.809,0.033,0.9916,True
2018-03-12 16:35:06.191356,Toronto,2.9029999999999996,22.766,1.3310000000000002,4.8744000000000005,0.122,0.843,0.035,0.9901,True
2018-03-12 16:35:06.191356,Atlanta,2.0969999999999995,23.692999999999998,1.21,2.5002,0.111,0.842,0.047,0.9766,False
2018-03-12 16:35:06.191356,Boston,1.582,23.315,2.103,-1.0758999999999994,0.091,0.833,0.075,0.8803,False
2018-03-12 16:35:06.191356,Brooklyn,1.8570000000000002,23.106,2.0380000000000003,1.0725000000000002,0.083,0.843,0.074,-0.7453,False
2018-03-12 16:35:06.191356,Dallas,1.636,23.325000000000003,2.0389999999999997,-1.6284999999999998,0.066,0.824,0.11,-0.9284,False
2018-03-12 16:35:06.191356,Sacramento,3.4629999999999996,21.889,1.6500000000000001,2.5810000000000004,0.14,0.788,0.072,0.9704,False
2018-03-12 16:35:06.191356,Cleveland,1.881,23.179,1.9400000000000002,0.4508999999999994,0.094,0.8,0.107,-0.57,False
2018-03-12 16:35:06.191356,Golden State,1.7890000000000001,22.749,2.4629999999999996,-1.2185000000000001,0.08,0.83,0.09,-0.7969,False
2018-03-12 16:35:06.191356,New Orleans,3.6289999999999996,21.934000000000005,1.436,4.482200000000001,0.188,0.773,0.039,0.9953,False
2018-03-12 16:35:06.191356,New York,1.615,22.96,1.426,0.8028000000000001,0.085,0.854,0.06,0.7498,False
2018-03-13 16:35:21.240260,Houston,3.932,20.701,1.3659999999999999,4.3812999999999995,0.158,0.773,0.069,0.9863,True
2018-03-13 16:35:21.240260,Milwaukee,3.215,22.977000000000004,0.808,4.7947,0.189,0.777,0.034,0.9958,True
2018-03-13 16:35:21.240260,Oklahoma City,3.167,22.751999999999995,1.081,3.6233,0.146,0.812,0.042,0.9927,True
2018-03-13 16:35:21.240260,Portland,2.129,22.803,2.068,1.1364999999999998,0.082,0.853,0.066,0.8154,True
2018-03-13 16:35:21.240260,San Antonio,3.897,22.121000000000002,0.98,5.608200000000001,0.129,0.828,0.042,0.9877,False
2018-03-13 16:35:21.240260,Memphis,1.531,24.311000000000003,1.159,-0.26159999999999994,0.067,0.876,0.057,-0.5998,False
2018-03-13 16:35:21.240260,Sacramento,2.802,23.291000000000004,0.908,2.6752000000000002,0.132,0.814,0.054,0.9796,False
2018-03-13 16:35:21.240260,Miami,1.8090000000000002,23.107999999999997,1.083,2.1355000000000004,0.116,0.825,0.059,0.977,False
2018-03-14 16:35:53.221192,Oklahoma City,3.6959999999999997,21.83,1.474,3.9073,0.111,0.852,0.037,0.9674,True
2018-03-14 16:35:53.221192,Toronto,3.092000000000001,22.204,1.703,2.5727,0.162,0.73,0.108,0.9788,True
2018-03-14 16:35:53.221192,LA Clippers,1.072,24.865000000000002,1.061,1.7752,0.077,0.898,0.025,0.9661,True
2018-03-14 16:35:53.221192,LA Lakers,1.213,22.377000000000002,3.41,-2.4295000000000004,0.076,0.791,0.133,-0.9672,True
2018-03-14 16:35:53.221192,New Orleans,2.005,24.1,0.895,1.6503000000000005,0.084,0.876,0.041,0.9175,True
2018-03-14 16:35:53.221192,Dallas,1.314,24.147999999999996,1.538,-0.6337000000000002,0.075,0.823,0.102,-0.8759,True
2018-03-14 16:35:53.221192,Indiana,2.6439999999999997,22.504999999999995,1.85,2.8015000000000003,0.169,0.764,0.067,0.9915,True
2018-03-14 16:35:53.221192,Cleveland,2.8780000000000006,23.289,0.8350000000000001,4.3635,0.102,0.862,0.036,0.9857,True
2018-03-14 16:35:53.221192,San Antonio,4.209,21.959999999999997,0.8300000000000001,6.061799999999999,0.133,0.818,0.049,0.987,True
2018-03-14 16:35:53.221192,Utah,3.5410000000000004,22.23,1.2269999999999999,3.0021000000000004,0.146,0.8,0.054,0.9821,True
2018-03-14 16:35:53.221192,Minnesota,1.9399999999999997,23.779,0.28099999999999997,2.6717999999999997,0.091,0.891,0.018,0.9718,True
2018-03-14 16:35:53.221192,Atlanta,1.138,24.277000000000005,1.585,0.508,0.083,0.866,0.051,0.9059,False
2018-03-14 16:35:53.221192,Brooklyn,2.8219999999999996,22.647000000000002,1.5310000000000001,2.5436,0.127,0.799,0.074,0.9619,False
2018-03-14 16:35:53.221192,Chicago,0.8570000000000001,22.983000000000004,1.161,0.30039999999999994,0.06,0.893,0.047,0.5218,False
2018-03-14 16:35:53.221192,Denver,1.647,22.988000000000003,1.3659999999999999,1.4167,0.127,0.785,0.088,0.9324,False
2018-03-14 16:35:53.221192,Charlotte,2.277,21.293999999999997,1.429,1.7212999999999998,0.103,0.842,0.055,0.9367,False
2018-03-14 16:35:53.221192,New York,2.048,22.289,0.6619999999999999,4.1143,0.163,0.799,0.038,0.9951,False
2018-03-14 16:35:53.221192,Philadelphia,2.916,22.315999999999995,1.7680000000000002,1.4208999999999996,0.151,0.763,0.087,0.973,False
2018-03-14 16:35:53.221192,Phoenix,2.55,20.58,1.871,0.6856,0.13,0.756,0.114,0.6144,False
2018-03-14 16:35:53.221192,Orlando,2.557,22.466,0.978,1.9829999999999997,0.104,0.85,0.046,0.9565,False
2018-03-14 16:35:53.221192,Detroit,1.4440000000000002,25.033,0.524,2.8427000000000002,0.089,0.877,0.034,0.9617,False
2018-03-14 16:35:53.221192,Washington,1.9140000000000001,23.915999999999997,1.17,1.6115,0.096,0.857,0.047,0.9553,False
2018-03-15 16:34:25.833311,Washington,2.055,23.040999999999997,1.905,-0.24559999999999987,0.062,0.866,0.071,-0.7639,True
2018-03-15 16:34:25.833311,Golden State,3.171,22.981999999999996,0.8480000000000001,4.2682,0.137,0.821,0.043,0.9927,True
2018-03-15 16:34:25.833311,Orlando,1.763,23.312,0.9259999999999999,0.3784000000000001,0.067,0.883,0.051,0.5576,True
2018-03-15 16:34:25.833311,Sacramento,3.221,22.38,1.4,3.8010000000000006,0.161,0.792,0.048,0.9894,True
2018-03-15 16:34:25.833311,Boston,1.952,23.763,1.2830000000000001,3.2189000000000005,0.106,0.84,0.053,0.9886,False
2018-03-15 16:34:25.833311,LA Lakers,3.585,20.968999999999998,2.447,2.5198999999999994,0.159,0.749,0.093,0.9874,False
2018-03-15 16:34:25.833311,Milwaukee,2.287,23.622999999999994,1.09,2.0018000000000002,0.108,0.84,0.052,0.9515,False
2018-03-15 16:34:25.833311,Miami,0.544,23.266,2.19,-2.7607000000000004,0.032,0.877,0.091,-0.9721,False
2018-03-16 16:35:30.308987,Charlotte,2.4719999999999995,21.099,1.429,2.0109,0.099,0.85,0.051,0.9374,True
2018-03-16 16:35:30.308987,Denver,4.026,22.407999999999998,0.5660000000000001,5.765900000000001,0.147,0.833,0.021,0.9911,True
2018-03-16 16:35:30.308987,Houston,2.476,22.548,0.9750000000000001,3.9631000000000003,0.137,0.831,0.032,0.9862,True
2018-03-16 16:35:30.308987,Toronto,3.8199999999999994,21.599999999999998,1.5790000000000002,5.970999999999998,0.176,0.776,0.049,0.9948,True
2018-03-16 16:35:30.308987,Chicago,1.291,22.771999999999995,1.9369999999999998,-1.0941999999999998,0.058,0.864,0.078,-0.7864,True
2018-03-16 16:35:30.308987,Philadelphia,3.442,22.613,0.9450000000000001,4.0661000000000005,0.126,0.832,0.042,0.9804,True
2018-03-16 16:35:30.308987,Portland,3.134,23.272,0.594,4.1054,0.126,0.849,0.025,0.9879,True
2018-03-16 16:35:30.308987,San Antonio,4.746,20.988,1.2650000000000001,4.691400000000001,0.177,0.78,0.043,0.9918,True
2018-03-16 16:35:30.308987,Utah,3.611,20.232,3.1559999999999997,1.3754000000000002,0.147,0.739,0.114,0.8917,True
2018-03-16 16:35:30.308987,Atlanta,2.6200000000000006,23.294999999999998,1.086,3.560500000000001,0.11,0.859,0.031,0.9759,False
2018-03-16 16:35:30.308987,Detroit,1.097,25.838999999999995,0.064,2.7394000000000007,0.056,0.936,0.009,0.9049,False
2018-03-16 16:35:30.308987,LA Clippers,1.205,24.038,1.7539999999999998,0.7169000000000001,0.074,0.88,0.046,0.9428,False
2018-03-16 16:35:30.308987,Indiana,2.8810000000000002,21.958,1.1600000000000001,2.3041000000000005,0.124,0.81,0.066,0.9673,False
2018-03-16 16:35:30.308987,Memphis,2.952,23.496,0.552,3.0421,0.159,0.82,0.022,0.9895,False
2018-03-16 16:35:30.308987,New York,1.943,23.278,0.779,2.5464,0.075,0.9,0.024,0.9658,False
2018-03-16 16:35:30.308987,Cleveland,3.397,23.193999999999992,0.40900000000000003,6.298,0.112,0.873,0.016,0.9837,False
2018-03-16 16:35:30.308987,New Orleans,2.6020000000000003,23.216,1.182,2.3469,0.118,0.835,0.047,0.9608,False
2018-03-16 16:35:30.308987,Phoenix,2.6100000000000003,20.902,2.488,0.6516999999999998,0.119,0.776,0.105,0.7143,False
2018-03-17 16:34:57.201477,Sacramento,2.094,24.151999999999997,0.754,3.5423999999999998,0.106,0.867,0.027,0.9773,True
2018-03-17 16:34:57.201477,Miami,2.45,23.27,0.27999999999999997,4.8918,0.115,0.856,0.029,0.9932,True
2018-03-17 16:34:57.201477,Oklahoma City,5.390000000000001,20.601000000000003,1.008,5.9769000000000005,0.231,0.723,0.046,0.9961,True
2018-03-17 16:34:57.201477,Boston,3.3179999999999996,21.173000000000002,2.5099999999999993,3.7460999999999998,0.204,0.724,0.072,0.9974,True
2018-03-17 16:34:57.201477,Philadelphia,3.474,22.520000000000003,1.006,3.8732,0.134,0.815,0.051,0.9882,True
2018-03-17 16:34:57.201477,Toronto,3.588,22.011999999999997,1.4,4.2663,0.156,0.795,0.048,0.9879,True
2018-03-17 16:34:57.201477,Golden State,0.9890000000000001,24.055000000000003,1.956,-3.5270999999999995,0.04,0.848,0.112,-0.9887,False
2018-03-17 16:34:57.201477,LA Lakers,2.5139999999999993,22.824,1.6620000000000001,1.3947,0.09,0.853,0.057,0.8914,False
2018-03-17 16:34:57.201477,LA Clippers,1.061,24.369000000000007,1.5669999999999997,0.5775000000000002,0.061,0.897,0.042,0.8874,False
2018-03-17 16:34:57.201477,Orlando,2.4570000000000007,22.069000000000003,1.4729999999999999,-0.08039999999999992,0.082,0.845,0.073,-0.4372,False
2018-03-17 16:34:57.201477,Brooklyn,1.976,23.06,1.963,0.44189999999999996,0.09,0.845,0.065,0.8153,False
2018-03-17 16:34:57.201477,Dallas,4.184,20.927000000000003,0.8889999999999999,5.2033000000000005,0.16,0.795,0.045,0.9885,False
2018-03-18 16:34:45.062383,Brooklyn,2.012,22.949999999999996,2.037,0.10940000000000011,0.085,0.845,0.07,0.676,True
2018-03-18 16:34:45.062383,Cleveland,3.2390000000000003,22.925,0.8360000000000001,3.5147,0.103,0.855,0.042,0.9685,True
2018-03-18 16:34:45.062383,Memphis,2.6890000000000005,24.000999999999998,0.31,3.2171,0.13,0.856,0.013,0.9879,True
2018-03-18 16:34:45.062383,Milwaukee,1.7830000000000001,24.471,0.7439999999999999,2.1478,0.095,0.858,0.048,0.9564,True
2018-03-18 16:34:45.062383,Houston,2.808,23.645,0.5469999999999999,4.2973,0.119,0.847,0.034,0.9798,True
2018-03-18 16:34:45.062383,New York,1.43,22.999,0.571,3.1119999999999997,0.078,0.899,0.023,0.9496,True
2018-03-18 16:34:45.062383,Golden State,1.5999999999999999,24.377000000000002,1.024,2.0545999999999998,0.088,0.876,0.036,0.9734,True
2018-03-18 16:34:45.062383,Portland,2.7880000000000003,21.34,0.8719999999999999,2.5034,0.116,0.841,0.043,0.9675,True
2018-03-18 16:34:45.062383,San Antonio,3.9139999999999997,21.696000000000005,1.39,3.8424999999999994,0.186,0.76,0.054,0.9934,True
2018-03-18 16:34:45.062383,Utah,3.4170000000000007,22.775999999999996,0.8069999999999999,4.1484,0.108,0.817,0.075,0.7236,True
2018-03-18 16:34:45.062383,Washington,2.106,24.667,0.226,3.1933,0.102,0.881,0.017,0.9733,True
2018-03-18 16:34:45.062383,Dallas,3.4050000000000002,20.967000000000002,1.6290000000000002,2.4517,0.127,0.799,0.074,0.9548,False
2018-03-18 16:34:45.062383,Chicago,2.293,21.785,0.922,1.6459,0.085,0.875,0.041,0.9304,False
2018-03-18 16:34:45.062383,Denver,1.79,23.067,1.143,2.0639,0.078,0.897,0.025,0.9523,False
2018-03-18 16:34:45.062383,Atlanta,4.0280000000000005,21.232999999999997,0.739,6.0552,0.163,0.808,0.029,0.9911,False
2018-03-18 16:34:45.062383,New Orleans,2.606,23.026999999999997,1.367,1.4277,0.108,0.832,0.06,0.9092,False
2018-03-18 16:34:45.062383,Charlotte,1.715,21.974999999999994,1.3099999999999998,-0.37270000000000003,0.076,0.831,0.093,-0.7509,False
2018-03-18 16:34:45.062383,Phoenix,2.783,19.125000000000004,3.092,0.6570999999999998,0.136,0.761,0.104,0.8631,False
2018-03-18 16:34:45.062383,Detroit,1.4300000000000002,25.569999999999993,0.0,3.0881000000000007,0.057,0.943,0.0,0.9034,False
2018-03-18 16:34:45.062383,Minnesota,0.688,23.907999999999998,1.4020000000000001,-0.7052,0.035,0.912,0.053,-0.6488,False
2018-03-18 16:34:45.062383,Sacramento,1.492,24.799999999999997,0.708,2.9352000000000005,0.094,0.873,0.033,0.9683,False
2018-03-18 16:34:45.062383,Indiana,3.369,21.529000000000003,1.102,2.3956,0.123,0.813,0.065,0.9542,False
2018-03-19 16:34:23.960788,Portland,2.109,20.558999999999997,2.332,0.5845999999999998,0.115,0.804,0.081,0.9376,True
2018-03-19 16:34:23.960788,Houston,3.667,21.369,0.9640000000000001,5.1021,0.148,0.814,0.038,0.9896,True
2018-03-19 16:34:23.960788,New Orleans,1.6919999999999997,24.304000000000002,1.0030000000000001,0.11140000000000017,0.057,0.891,0.051,-0.264,True
2018-03-19 16:34:23.960788,Oklahoma City,6.32,19.2,0.48,9.064400000000001,0.29,0.682,0.027,0.9987,True
2018-03-19 16:34:23.960788,LA Clippers,2.0290000000000004,23.888000000000005,1.081,2.1627,0.068,0.899,0.033,0.882,False
2018-03-19 16:34:23.960788,Minnesota,0.585,26.007,0.40700000000000003,0.4784,0.049,0.929,0.021,0.7989,False
2018-03-19 16:34:23.960788,Boston,3.8449999999999998,22.451,0.704,4.7118,0.173,0.796,0.031,0.996,False
2018-03-19 16:34:23.960788,Toronto,2.545,22.899999999999995,1.5550000000000002,0.7771999999999999,0.08,0.848,0.072,-0.3516,False
2018-03-20 16:34:37.403771,Brooklyn,3.7990000000000004,21.895000000000003,1.306,4.219800000000001,0.181,0.771,0.047,0.9896,True
2018-03-20 16:34:37.403771,Cleveland,3.985,21.993,1.0219999999999998,5.6463,0.156,0.787,0.057,0.9916,True
2018-03-20 16:34:37.403771,Indiana,3.1910000000000003,21.109,1.7,1.5041999999999998,0.132,0.804,0.064,0.965,True
2018-03-20 16:34:37.403771,Miami,2.578,22.499999999999996,0.922,2.8172000000000006,0.077,0.883,0.04,0.746,True
2018-03-20 16:34:37.403771,New York,2.6810000000000005,22.816999999999997,0.502,3.6249999999999996,0.106,0.872,0.022,0.9672,True
2018-03-20 16:34:37.403771,Philadelphia,1.9290000000000003,23.352,1.7189999999999999,-0.06259999999999988,0.077,0.836,0.087,-0.6983,True
2018-03-20 16:34:37.403771,Detroit,1.378,24.944,0.6779999999999999,0.6651,0.053,0.921,0.026,0.8034,True
2018-03-20 16:34:37.403771,San Antonio,4.302,21.455000000000005,1.243,3.9658,0.152,0.801,0.047,0.9864,True
2018-03-20 16:34:37.403771,Memphis,2.498,23.869,0.632,2.383,0.107,0.868,0.025,0.9755,False
2018-03-20 16:34:37.403771,Milwaukee,2.605,22.676,1.719,1.5549000000000002,0.092,0.852,0.057,0.9523,False
2018-03-20 16:34:37.403771,LA Lakers,4.015,21.196000000000005,1.7880000000000003,2.5916,0.12,0.822,0.059,0.9665,False
2018-03-20 16:34:37.403771,Denver,2.162,23.496,1.3419999999999999,2.0407,0.093,0.864,0.044,0.929,False
2018-03-20 16:34:37.403771,Chicago,1.9509999999999996,22.877000000000002,0.173,3.3523,0.094,0.897,0.009,0.9707,False
2018-03-20 16:34:37.403771,Charlotte,1.876,23.483999999999998,0.64,1.1151999999999993,0.058,0.895,0.047,-0.2581,False
2018-03-20 16:34:37.403771,Sacramento,2.584,22.595,1.82,2.3933000000000004,0.134,0.804,0.062,0.9814,False
2018-03-20 16:34:37.403771,Golden State,0.849,23.644,2.507,-2.2937000000000003,0.03,0.883,0.087,-0.9709,False
2018-03-21 16:34:45.716333,Boston,2.986,23.268,0.746,5.9449,0.127,0.834,0.039,0.9932,True
2018-03-21 16:34:45.716333,Minnesota,2.633,23.388,0.979,4.5099,0.107,0.876,0.016,0.9738,True
2018-03-21 16:34:45.716333,New Orleans,0.971,24.761999999999997,1.2660000000000002,-1.2918,0.046,0.887,0.067,-0.8765,True
2018-03-21 16:34:45.716333,Toronto,3.539,21.713,1.7479999999999998,2.1703999999999994,0.139,0.784,0.076,0.9729,True
2018-03-21 16:34:45.716333,Detroit,1.1260000000000001,25.195999999999998,0.6779999999999999,-0.19449999999999995,0.039,0.933,0.028,-0.59,True
2018-03-21 16:34:45.716333,Houston,2.7809999999999997,21.528000000000002,1.693,1.0751000000000002,0.146,0.766,0.088,0.9639,True
2018-03-21 16:34:45.716333,Atlanta,2.6300000000000003,21.804999999999996,1.565,2.1377,0.124,0.796,0.08,0.9522,True
2018-03-21 16:34:45.716333,Oklahoma City,2.273,20.201,3.526,-1.9575,0.112,0.728,0.16,-0.9146,False
2018-03-21 16:34:45.716333,LA Clippers,3.0,23.877,0.123,5.379100000000001,0.154,0.841,0.005,0.9946,False
2018-03-21 16:34:45.716333,Dallas,1.5139999999999998,24.568000000000005,0.918,0.6032000000000002,0.074,0.873,0.053,0.8525,False
2018-03-21 16:34:45.716333,Orlando,2.694,22.713,0.593,3.5557,0.109,0.867,0.024,0.986,False
2018-03-21 16:34:45.716333,Phoenix,3.0140000000000007,19.83,2.156,1.0845999999999998,0.117,0.821,0.063,0.9273,False
2018-03-21 16:34:45.716333,Portland,1.957,23.621,0.422,3.1957999999999998,0.103,0.89,0.007,0.9736,False
2018-03-21 16:34:45.716333,Utah,2.5109999999999997,23.043,1.4460000000000002,1.4094000000000002,0.11,0.818,0.072,0.9436,False
2018-03-22 16:34:38.978727,Charlotte,2.607,23.619,0.774,1.7243,0.111,0.829,0.059,0.9587,True
2018-03-22 16:34:38.978727,Denver,2.265,24.083,0.652,2.1145,0.086,0.888,0.026,0.9481,True
2018-03-22 16:34:38.978727,Cleveland,2.9410000000000003,23.068,0.991,5.823799999999999,0.159,0.812,0.028,0.9952,True
2018-03-22 16:34:38.978727,Miami,2.688,23.425,0.8849999999999998,3.9979999999999998,0.118,0.845,0.038,0.9912,True
2018-03-22 16:34:38.978727,LA Clippers,2.318,24.252999999999997,0.429,4.102900000000001,0.119,0.871,0.01,0.9863,True
2018-03-22 16:34:38.978727,New Orleans,2.1700000000000004,24.127999999999997,0.702,1.2187999999999997,0.087,0.868,0.045,0.8538,True
2018-03-22 16:34:38.978727,Philadelphia,5.369,20.390999999999995,1.241,5.0296,0.183,0.74,0.077,0.9895,True
2018-03-22 16:34:38.978727,San Antonio,3.8680000000000003,22.354999999999997,0.776,5.4012,0.202,0.769,0.029,0.9929,True
2018-03-22 16:34:38.978727,Brooklyn,4.034999999999999,21.771,1.193,4.8617,0.221,0.743,0.036,0.997,False
2018-03-22 16:34:38.978727,Chicago,1.233,23.308,0.45899999999999996,1.3689,0.06,0.894,0.046,0.5737,False
2018-03-22 16:34:38.978727,Toronto,2.4770000000000003,23.011000000000003,1.513,0.7367000000000001,0.067,0.856,0.077,-0.8622,False
2018-03-22 16:34:38.978727,New York,2.4899999999999993,22.072999999999997,1.4380000000000002,2.7403,0.114,0.834,0.052,0.968,False
2018-03-22 16:34:38.978727,Milwaukee,2.732,23.142000000000003,1.126,3.0988999999999995,0.122,0.834,0.043,0.981,False
2018-03-22 16:34:38.978727,Indiana,3.1119999999999997,21.385999999999996,1.5010000000000001,1.8935999999999997,0.127,0.802,0.071,0.9579,False
2018-03-22 16:34:38.978727,Memphis,2.3350000000000004,22.817,1.8470000000000002,0.8484000000000002,0.083,0.858,0.058,0.8287,False
2018-03-22 16:34:38.978727,Washington,2.0620000000000003,21.928,2.01,0.19310000000000005,0.083,0.839,0.078,0.5747,False
2018-03-23 16:34:28.213585,Charlotte,1.8279999999999998,22.686999999999998,1.4849999999999999,0.5536999999999997,0.088,0.836,0.076,-0.5389,True
2018-03-23 16:34:28.213585,Utah,3.2079999999999997,22.786,1.006,4.5962000000000005,0.142,0.825,0.033,0.9906,True
2018-03-23 16:34:28.213585,Houston,2.713,21.743,1.544,1.8673999999999997,0.144,0.793,0.063,0.9881,True
2018-03-23 16:34:28.213585,New Orleans,2.9050000000000002,23.241,0.8539999999999999,1.5217999999999998,0.096,0.852,0.052,0.9104,True
2018-03-23 16:34:28.213585,Philadelphia,4.363,21.049,1.588,4.3976999999999995,0.152,0.79,0.058,0.9851,True
2018-03-23 16:34:28.213585,Sacramento,2.0620000000000003,23.608000000000004,1.33,0.94,0.079,0.862,0.059,0.8066,True
2018-03-23 16:34:28.213585,Memphis,1.9540000000000002,22.639,2.407,-0.7477,0.08,0.822,0.098,-0.6358,False
2018-03-23 16:34:28.213585,Dallas,2.1870000000000003,23.366000000000003,0.447,2.6320999999999994,0.107,0.875,0.018,0.9702,False
2018-03-23 16:34:28.213585,Detroit,0.776,25.623999999999995,0.6,0.651,0.049,0.923,0.029,0.8431,False
2018-03-23 16:34:28.213585,LA Lakers,2.7489999999999997,22.592999999999996,1.6590000000000003,2.3664,0.099,0.82,0.081,0.5764,False
2018-03-23 16:34:28.213585,Orlando,3.026,22.240000000000002,0.734,3.4079,0.131,0.833,0.037,0.9799,False
2018-03-23 16:34:28.213585,Atlanta,2.697,22.335,1.968,-0.07729999999999992,0.1,0.808,0.092,0.448,False
2018-03-24 16:34:37.273885,Milwaukee,1.5620000000000003,24.352999999999998,1.085,1.6077000000000001,0.114,0.81,0.076,0.9384,True
2018-03-24 16:34:37.273885,Cleveland,3.337,23.067999999999994,0.595,5.0842,0.136,0.817,0.047,0.9888,True
2018-03-24 16:34:37.273885,Golden State,1.362,23.923999999999996,1.7160000000000002,1.2861999999999998,0.097,0.842,0.062,0.9487,True
2018-03-24 16:34:37.273885,Indiana,2.715,21.593000000000004,1.6909999999999996,2.6413,0.146,0.775,0.079,0.9802,True
2018-03-24 16:34:37.273885,Minnesota,2.169,23.317,0.515,2.9285,0.089,0.893,0.018,0.9493,True
2018-03-24 16:34:37.273885,Oklahoma City,2.791,21.32,1.89,2.448,0.168,0.759,0.073,0.9901,True
2018-03-24 16:34:37.273885,Boston,2.4480000000000004,23.204,1.3460000000000003,4.0283,0.116,0.839,0.045,0.9929,True
2018-03-24 16:34:37.273885,San Antonio,3.753,21.223,1.025,3.2887,0.139,0.802,0.059,0.9781,True
2018-03-24 16:34:37.273885,Toronto,2.6229999999999993,24.052,0.325,4.2907,0.11,0.877,0.013,0.987,True
2018-03-24 16:34:37.273885,Denver,2.1719999999999997,24.060000000000002,0.767,2.8320000000000007,0.103,0.86,0.037,0.9701,True
2018-03-24 16:34:37.273885,Chicago,0.719,24.136,1.146,0.11170000000000008,0.052,0.901,0.047,0.5658,False
2018-03-24 16:34:37.273885,Phoenix,1.738,22.014999999999997,1.2469999999999999,1.1348,0.115,0.817,0.068,0.8863,False
2018-03-24 16:34:37.273885,Atlanta,2.879,21.892999999999997,1.228,1.2146000000000003,0.099,0.843,0.058,0.8685,False
2018-03-24 16:34:37.273885,LA Clippers,1.9270000000000003,24.530000000000005,0.5429999999999999,3.4161,0.088,0.901,0.011,0.9695,False
2018-03-24 16:34:37.273885,New York,1.908,23.391999999999996,0.7000000000000001,2.7535000000000007,0.122,0.859,0.02,0.9896,False
2018-03-24 16:34:37.273885,Miami,2.8409999999999997,22.755,1.404,2.4931,0.143,0.776,0.081,0.9906,False
2018-03-24 16:34:37.273885,Portland,1.5430000000000001,23.389999999999997,2.067,-0.7129000000000001,0.059,0.868,0.074,-0.6687,False
2018-03-24 16:34:37.273885,Utah,1.129,23.854,2.015,-1.0868999999999998,0.054,0.854,0.092,-0.8784,False
2018-03-24 16:34:37.273885,Brooklyn,2.751,23.276999999999994,0.9710000000000001,2.1188000000000002,0.12,0.845,0.036,0.97,False
2018-03-24 16:34:37.273885,Washington,1.5490000000000002,24.840999999999998,0.61,2.196800000000001,0.091,0.881,0.027,0.9645,False
2018-03-25 16:34:30.622950,Charlotte,1.739,21.944999999999993,1.316,0.6456999999999999,0.09,0.847,0.062,0.7837,True
2018-03-25 16:34:30.622950,Detroit,2.253,22.288999999999998,0.45799999999999996,3.1055,0.12,0.849,0.031,0.974,True
2018-03-25 16:34:30.622950,Houston,1.621,23.204000000000008,2.175,-0.4246999999999998,0.113,0.781,0.106,0.721,True
2018-03-25 16:34:30.622950,LA Lakers,2.7319999999999998,22.279,1.9889999999999999,3.375,0.117,0.834,0.049,0.9753,True
2018-03-25 16:34:30.622950,Orlando,1.7570000000000001,23.134999999999998,1.108,0.5941000000000001,0.068,0.89,0.042,0.7558,True
2018-03-25 16:34:30.622950,Philadelphia,3.1959999999999997,22.604,1.2,4.8375,0.129,0.83,0.041,0.9897,True
2018-03-25 16:34:30.622950,Dallas,2.471,24.255999999999997,0.273,3.3591,0.107,0.879,0.014,0.9774,False
2018-03-25 16:34:30.622950,Chicago,1.512,22.918,0.5700000000000001,1.4552,0.058,0.918,0.024,0.8745,False
2018-03-25 16:34:30.622950,New Orleans,2.1310000000000002,23.412,1.4569999999999999,0.09209999999999996,0.069,0.866,0.065,0.4991,False
2018-03-25 16:34:30.622950,Memphis,2.7030000000000003,21.631,2.6660000000000004,-0.5777,0.105,0.78,0.114,-0.5329,False
2018-03-25 16:34:30.622950,Phoenix,2.0839999999999996,22.011000000000003,0.9049999999999999,3.2512000000000003,0.123,0.841,0.036,0.9709,False
2018-03-25 16:34:30.622950,Minnesota,2.5509999999999997,23.541,0.909,2.2959,0.112,0.852,0.036,0.9659,False
2018-03-26 16:34:44.994518,Cleveland,3.3170000000000006,23.578000000000003,0.105,6.2025999999999994,0.131,0.861,0.008,0.9918,True
2018-03-26 16:34:44.994518,Utah,2.646,23.622000000000003,0.73,2.5479999999999996,0.128,0.814,0.057,0.9814,True
2018-03-26 16:34:44.994518,Houston,3.003,22.017999999999994,0.9810000000000001,4.5543,0.156,0.813,0.031,0.994,True
2018-03-26 16:34:44.994518,Indiana,2.1479999999999997,23.443,1.4089999999999998,1.6110000000000002,0.085,0.867,0.048,0.9263,True
2018-03-26 16:34:44.994518,Milwaukee,2.0450000000000004,23.0,0.954,2.4376,0.093,0.859,0.048,0.9032,True
2018-03-26 16:34:44.994518,Portland,0.97,24.943999999999996,1.0870000000000002,-0.40149999999999997,0.035,0.924,0.041,-0.6134,True
2018-03-26 16:34:44.994518,Boston,2.061,23.849999999999998,1.09,2.9926999999999997,0.071,0.896,0.033,0.8988,True
2018-03-26 16:34:44.994518,LA Clippers,1.9,23.810000000000002,1.289,1.8008000000000002,0.097,0.844,0.059,0.9108,True
2018-03-26 16:34:44.994518,New York,4.155,20.84,1.006,3.9723999999999995,0.16,0.783,0.056,0.9843,True
2018-03-26 16:34:44.994518,Brooklyn,2.9429999999999996,22.154,1.903,1.5609000000000002,0.169,0.757,0.074,0.9829,False
2018-03-26 16:34:44.994518,Golden State,2.391,22.973000000000003,1.637,1.0373,0.095,0.828,0.078,0.6958,False
2018-03-26 16:34:44.994518,Atlanta,1.284,23.914,0.802,0.6205999999999999,0.06,0.9,0.039,0.7257,False
2018-03-26 16:34:44.994518,Miami,3.317,21.162,1.5210000000000001,2.3495999999999997,0.117,0.823,0.06,0.9664,False
2018-03-26 16:34:44.994518,San Antonio,2.1039999999999996,22.393,1.5030000000000001,0.4486000000000001,0.076,0.863,0.061,0.5522,False
2018-03-26 16:34:44.994518,Oklahoma City,1.396,23.326999999999998,1.2770000000000001,1.3274000000000004,0.111,0.821,0.068,0.9377,False
2018-03-26 16:34:44.994518,Sacramento,2.7470000000000003,23.406,0.8480000000000001,2.9831000000000003,0.114,0.842,0.044,0.9721,False
2018-03-26 16:34:44.994518,Toronto,3.584,22.606,0.8109999999999999,4.6587000000000005,0.146,0.814,0.04,0.9912,False
2018-03-26 16:34:44.994518,Washington,1.967,24.181,0.8509999999999999,2.6727,0.128,0.825,0.047,0.9576,False
2018-03-27 16:34:26.605098,Charlotte,1.426,22.857,0.7169999999999999,1.4188,0.062,0.908,0.03,0.8156,True
2018-03-27 16:34:26.605098,Detroit,1.621,24.742,0.6379999999999999,1.3201,0.082,0.87,0.047,0.8666,True
2018-03-27 16:34:26.605098,Memphis,2.711,22.712000000000003,1.577,0.4715000000000001,0.119,0.789,0.092,0.494,True
2018-03-27 16:34:26.605098,Philadelphia,4.966999999999999,22.033,0.0,7.6755,0.19,0.81,0.0,0.9956,True
2018-03-27 16:34:26.605098,Boston,2.6390000000000002,23.833999999999996,0.527,4.053700000000001,0.125,0.848,0.027,0.9939,True
2018-03-27 16:34:26.605098,New York,3.1850000000000005,22.458,1.357,3.3842000000000003,0.125,0.815,0.06,0.9669,False
2018-03-27 16:34:26.605098,LA Lakers,1.845,23.348,1.807,-0.4784000000000002,0.054,0.864,0.082,-0.9487,False
2018-03-27 16:34:26.605098,Minnesota,2.336,22.503999999999998,2.161,0.15570000000000017,0.11,0.813,0.077,0.8877,False
2018-03-27 16:34:26.605098,Denver,2.1340000000000003,22.792999999999996,1.073,1.0086,0.073,0.875,0.052,0.7885,False
2018-03-27 16:34:26.605098,Phoenix,3.2550000000000003,20.828999999999994,0.9139999999999999,3.1391,0.141,0.805,0.053,0.9805,False
2018-03-28 16:34:32.053717,Indiana,0.7240000000000001,25.37,0.9060000000000001,-0.6960999999999999,0.039,0.909,0.052,-0.8062,True
2018-03-28 16:34:32.053717,Houston,3.8419999999999996,20.619,1.539,6.9283,0.17,0.776,0.054,0.9907,True
2018-03-28 16:34:32.053717,LA Clippers,2.923,22.715000000000003,1.3619999999999999,2.4785,0.132,0.785,0.083,0.9483,True
2018-03-28 16:34:32.053717,Miami,2.518,22.282000000000004,1.2000000000000002,2.7453,0.115,0.834,0.05,0.9824,True
2018-03-28 16:34:32.053717,Portland,2.8790000000000004,23.574,0.547,2.9658,0.099,0.876,0.026,0.972,True
2018-03-28 16:34:32.053717,Dallas,2.363,22.948999999999998,0.688,3.0125,0.117,0.859,0.024,0.9782,True
2018-03-28 16:34:32.053717,Toronto,1.272,23.082,1.6460000000000001,0.5517000000000001,0.101,0.834,0.064,0.8231,True
2018-03-28 16:34:32.053717,Washington,2.297,22.403999999999996,1.2999999999999998,2.0325,0.123,0.809,0.068,0.9293,True
2018-03-28 16:34:32.053717,Golden State,2.8739999999999997,23.192000000000004,0.9339999999999999,3.234,0.113,0.844,0.043,0.9693,False
2018-03-28 16:34:32.053717,Chicago,1.691,24.208999999999996,1.0999999999999999,0.8750000000000001,0.059,0.893,0.048,0.7922,False
2018-03-28 16:34:32.053717,Milwaukee,1.527,23.991,1.482,0.9980999999999999,0.087,0.865,0.048,0.8418,False
2018-03-28 16:34:32.053717,Cleveland,2.7849999999999997,23.264,0.952,4.342000000000001,0.128,0.813,0.058,0.9786,False
2018-03-28 16:34:32.053717,New Orleans,2.224,23.678,1.098,2.0133000000000005,0.106,0.855,0.039,0.9655,False
2018-03-28 16:34:32.053717,Sacramento,1.6720000000000002,24.126,1.204,0.7918999999999999,0.102,0.838,0.06,0.9556,False
2018-03-28 16:34:32.053717,Denver,2.683,21.888,1.429,0.6410000000000001,0.079,0.854,0.067,0.6507,False
2018-03-28 16:34:32.053717,San Antonio,2.106,22.346000000000004,1.548,1.7325000000000004,0.089,0.854,0.057,0.9316,False
2018-03-29 16:34:33.547231,Cleveland,1.596,25.115999999999996,0.288,3.1010000000000004,0.084,0.906,0.011,0.9748,True
2018-03-29 16:34:33.547231,LA Lakers,2.4690000000000003,23.58,0.95,5.1110999999999995,0.162,0.791,0.047,0.9961,True
2018-03-29 16:34:33.547231,Memphis,3.06,22.444999999999997,1.4949999999999999,2.0745,0.161,0.755,0.084,0.9769,True
2018-03-29 16:34:33.547231,Minnesota,1.6260000000000001,24.140000000000008,1.234,0.12650000000000017,0.072,0.87,0.059,0.6999,True
2018-03-29 16:34:33.547231,Brooklyn,2.839,22.67,1.492,1.8563999999999996,0.094,0.844,0.062,0.8515,True
2018-03-29 16:34:33.547231,Philadelphia,3.795,22.834,0.37,5.7638,0.138,0.838,0.024,0.9802,True
2018-03-29 16:34:33.547231,LA Clippers,2.3739999999999997,23.802000000000003,0.8240000000000001,2.0522,0.102,0.839,0.059,0.9456,True
2018-03-29 16:34:33.547231,Boston,2.9419999999999997,22.179999999999996,1.878,2.8061999999999996,0.129,0.81,0.061,0.9889,True
2018-03-29 16:34:33.547231,Charlotte,1.589,23.02,0.392,2.2812,0.093,0.882,0.025,0.9687,False
2018-03-29 16:34:33.547231,Dallas,2.125,24.083,0.792,3.5280000000000005,0.097,0.882,0.022,0.9809,False
2018-03-29 16:34:33.547231,Portland,2.8640000000000003,22.594999999999995,0.541,4.015,0.113,0.871,0.016,0.9844,False
2018-03-29 16:34:33.547231,Atlanta,3.9619999999999997,20.302,1.7359999999999998,5.2164,0.225,0.691,0.083,0.9949,False
2018-03-29 16:34:33.547231,Orlando,2.875,22.492,0.633,4.2733,0.133,0.839,0.027,0.9855,False
2018-03-29 16:34:33.547231,New York,1.8880000000000001,22.717,0.395,3.2459,0.093,0.888,0.019,0.9757,False
2018-03-29 16:34:33.547231,Phoenix,3.226,21.575000000000003,1.199,3.4524999999999997,0.121,0.831,0.048,0.9758,False
2018-03-29 16:34:33.547231,Utah,1.7650000000000001,23.741999999999997,1.493,1.0000000000000002,0.082,0.852,0.067,0.8212,False
2018-03-30 16:34:18.454687,Detroit,1.53,24.91,0.561,1.0375,0.069,0.888,0.043,0.7592,True
2018-03-30 16:34:18.454687,Milwaukee,1.355,24.598,1.047,1.4352999999999998,0.069,0.912,0.019,0.9133,True
2018-03-30 16:34:18.454687,Miami,0.979,25.285,0.7359999999999999,0.4660000000000001,0.043,0.931,0.027,0.7862,True
2018-03-30 16:34:18.454687,Indiana,2.039,23.896,1.0650000000000002,1.8264000000000002,0.104,0.838,0.058,0.9414,True
2018-03-30 16:34:18.454687,San Antonio,3.644,21.653999999999996,1.702,3.1123,0.141,0.796,0.064,0.9676,True
2018-03-30 16:34:18.454687,Washington,2.6670000000000003,21.811,1.523,1.1924000000000001,0.113,0.788,0.099,0.8867,False
2018-03-30 16:34:18.454687,Golden State,1.65,23.53,1.8199999999999996,0.01720000000000006,0.07,0.856,0.074,0.5178,False
2018-03-30 16:34:18.454687,Chicago,1.9700000000000002,22.741,1.2890000000000001,1.0580000000000003,0.088,0.844,0.067,0.7838,False
2018-03-30 16:34:18.454687,Sacramento,3.395000000000001,22.574,1.0310000000000001,3.8487,0.134,0.804,0.062,0.9766,False
2018-03-30 16:34:18.454687,Oklahoma City,1.742,23.765,1.4929999999999999,0.3423000000000002,0.081,0.86,0.06,0.8205,False
2018-03-31 16:34:38.932078,Philadelphia,3.1670000000000003,22.174,1.6599999999999997,3.4873000000000003,0.11,0.842,0.048,0.9536,True
2018-03-31 16:34:38.932078,Cleveland,3.7709999999999995,22.805,0.424,6.268800000000001,0.158,0.812,0.031,0.994,True
2018-03-31 16:34:38.932078,Minnesota,1.7160000000000002,23.048999999999996,1.234,0.43289999999999973,0.083,0.859,0.058,0.8017,True
2018-03-31 16:34:38.932078,Houston,3.858,21.100999999999996,1.041,2.7249000000000003,0.147,0.796,0.057,0.9633,True
2018-03-31 16:34:38.932078,Milwaukee,1.903,24.659,0.43800000000000006,2.0538,0.088,0.892,0.02,0.9374,True
2018-03-31 16:34:38.932078,Denver,2.6630000000000003,23.526999999999994,0.81,1.9495000000000002,0.085,0.879,0.036,0.9397,True
2018-03-31 16:34:38.932078,Chicago,2.3320000000000003,22.633,1.0350000000000001,1.4361000000000002,0.092,0.85,0.058,0.8045,True
2018-03-31 16:34:38.932078,Portland,1.486,24.071,1.443,0.7215,0.088,0.848,0.064,0.792,True
2018-03-31 16:34:38.932078,Utah,3.455,22.029000000000003,1.5159999999999998,4.773200000000001,0.195,0.735,0.071,0.9943,True
2018-03-31 16:34:38.932078,Atlanta,2.699,22.096000000000004,1.205,4.0371,0.173,0.763,0.064,0.9905,False
2018-03-31 16:34:38.932078,New Orleans,3.5780000000000007,22.647000000000002,0.774,4.901100000000001,0.158,0.818,0.025,0.9907,False
2018-03-31 16:34:38.932078,Dallas,3.225,21.842000000000002,1.9329999999999998,3.8242000000000003,0.133,0.796,0.072,0.9718,False
2018-03-31 16:34:38.932078,Phoenix,2.7960000000000003,21.341,1.863,1.6864,0.112,0.799,0.089,0.9202,False
2018-03-31 16:34:38.932078,LA Lakers,1.916,23.916999999999998,1.1660000000000001,1.0700000000000003,0.039,0.916,0.046,-0.5058,False
2018-03-31 16:34:38.932078,Oklahoma City,1.6340000000000001,22.495000000000005,2.8710000000000004,-2.8452999999999995,0.058,0.82,0.121,-0.9478,False
2018-03-31 16:34:38.932078,Orlando,1.196,23.618000000000002,1.186,-0.40640000000000004,0.077,0.853,0.071,0.4515,False
2018-03-31 16:34:38.932078,LA Clippers,2.5890000000000004,23.504999999999995,0.907,2.4821999999999993,0.138,0.806,0.055,0.9883,False
2018-03-31 16:34:38.932078,Memphis,4.086,21.168000000000003,1.746,3.2018000000000004,0.151,0.767,0.082,0.9478,False
2018-04-01 16:34:26.958381,Boston,3.662,22.062000000000005,1.277,6.8408000000000015,0.217,0.75,0.033,0.9986,True
2018-04-01 16:34:26.958381,Brooklyn,2.355,23.118999999999996,1.525,1.2439,0.102,0.833,0.065,0.9447,True
2018-04-01 16:34:26.958381,Detroit,2.087,24.801,0.11199999999999999,3.0909,0.089,0.899,0.012,0.9674,True
2018-04-01 16:34:26.958381,Golden State,1.674,22.658,2.6690000000000005,-0.5101000000000002,0.082,0.83,0.088,0.7245,True
2018-04-01 16:34:26.958381,Washington,1.507,24.730000000000004,0.763,1.8702999999999999,0.085,0.892,0.024,0.96,True
2018-04-01 16:34:26.958381,Toronto,1.5190000000000003,24.212999999999997,1.2680000000000002,-0.16590000000000005,0.045,0.921,0.033,0.3891,False
2018-04-01 16:34:26.958381,Miami,1.7229999999999999,23.111,1.1640000000000001,-1.04,0.057,0.861,0.082,-0.9364,False
2018-04-01 16:34:26.958381,New York,2.185,22.2,0.6140000000000001,3.5198,0.098,0.864,0.038,0.9743,False
2018-04-01 16:34:26.958381,Sacramento,2.775,22.751,1.4740000000000002,2.4014,0.109,0.823,0.068,0.9382,False
2018-04-01 16:34:26.958381,Charlotte,1.3820000000000001,23.366,1.25,1.3993,0.11,0.839,0.051,0.9808,False
2018-04-02 16:34:57.562899,Atlanta,2.146,24.531,0.323,2.9643,0.12,0.854,0.026,0.9795,True
2018-04-02 16:34:57.562899,Detroit,0.483,24.735999999999997,0.781,0.5219,0.044,0.928,0.028,0.6421,True
2018-04-02 16:34:57.562899,Chicago,2.277,22.315,0.40800000000000003,2.2951,0.077,0.896,0.027,0.9584,True
2018-04-02 16:34:57.562899,Philadelphia,2.7459999999999996,20.791999999999998,3.4610000000000007,0.8331999999999997,0.12,0.779,0.1,0.8556,True
2018-04-02 16:34:57.562899,Cleveland,3.1529999999999996,22.427,1.419,4.036,0.15,0.793,0.057,0.9874,True
2018-04-02 16:34:57.562899,Denver,1.611,23.502,0.887,0.9679000000000001,0.066,0.899,0.035,0.8339,True
2018-04-02 16:34:57.562899,Golden State,2.477,21.944999999999997,2.581,0.5672,0.077,0.814,0.109,-0.9552,True
2018-04-02 16:34:57.562899,Indiana,3.382,21.338,1.28,2.8732,0.177,0.77,0.053,0.986,True
2018-04-02 16:34:57.562899,Sacramento,1.7039999999999997,22.355999999999995,1.9400000000000002,-0.5557,0.073,0.834,0.093,-0.668,True
2018-04-02 16:34:57.562899,Utah,2.624,23.145,1.2309999999999999,1.6014,0.119,0.796,0.084,0.94,True
2018-04-02 16:34:57.562899,Oklahoma City,2.608,22.804,1.589,2.9905999999999997,0.116,0.825,0.059,0.8874,True
2018-04-02 16:34:57.562899,Portland,2.1350000000000002,22.841,1.0230000000000001,2.0415000000000005,0.088,0.867,0.045,0.9195,True
2018-04-02 16:34:57.562899,San Antonio,3.82,21.239,1.94,3.7461,0.168,0.758,0.074,0.988,True
2018-04-02 16:34:57.562899,Orlando,1.899,22.814,1.287,0.8406999999999998,0.083,0.854,0.062,0.9064,False
2018-04-02 16:34:57.562899,Brooklyn,3.9219999999999997,21.182000000000002,1.895,1.4879000000000002,0.129,0.787,0.084,0.9456,False
2018-04-02 16:34:57.562899,Washington,1.33,24.116999999999997,0.553,1.1521000000000001,0.061,0.899,0.04,0.8565,False
2018-04-02 16:34:57.562899,Charlotte,1.3579999999999999,22.677,0.9640000000000001,1.4170999999999998,0.105,0.853,0.041,0.9762,False
2018-04-02 16:34:57.562899,Dallas,3.773000000000001,22.827,0.4,4.5556,0.128,0.852,0.02,0.9851,False
2018-04-02 16:34:57.562899,Milwaukee,2.75,20.397000000000006,2.852,-1.241,0.09,0.8,0.111,-0.8164,False
2018-04-02 16:34:57.562899,Phoenix,2.2800000000000002,21.854999999999997,0.867,2.2849,0.105,0.842,0.053,0.9511,False
2018-04-02 16:34:57.562899,LA Clippers,2.704,23.398000000000003,0.899,3.1872999999999996,0.133,0.822,0.045,0.9895,False
2018-04-02 16:34:57.562899,LA Lakers,3.0359999999999996,23.009,0.9530000000000001,5.0771,0.119,0.845,0.036,0.9913,False
2018-04-02 16:34:57.562899,Minnesota,2.1940000000000004,23.703999999999997,1.1019999999999999,1.1852,0.075,0.875,0.05,0.8486,False
2018-04-02 16:34:57.562899,New Orleans,2.4269999999999996,21.63,1.9420000000000002,2.133,0.127,0.807,0.066,0.9575,False
2018-04-02 16:34:57.562899,Memphis,2.3089999999999997,22.846000000000004,1.845,0.8423999999999998,0.113,0.808,0.078,0.8821,False
2018-04-02 16:34:57.562899,Houston,2.4090000000000003,21.127,2.4640000000000004,1.8258000000000005,0.096,0.798,0.106,-0.4307,False
2018-04-04 16:36:14.175578,Chicago,1.6669999999999998,23.768,0.565,1.8070000000000006,0.084,0.883,0.034,0.9389,True
2018-04-04 16:36:14.175578,Cleveland,3.0749999999999997,23.616000000000003,0.308,5.5001999999999995,0.107,0.867,0.026,0.9847,True
2018-04-04 16:36:14.175578,Dallas,2.5260000000000002,22.331,2.143,0.8673,0.108,0.821,0.071,0.9027,True
2018-04-04 16:36:14.175578,Denver,1.511,24.121,1.367,0.8768999999999998,0.096,0.843,0.06,0.9192,True
2018-04-04 16:36:14.175578,Houston,1.88,24.255999999999997,0.8640000000000001,2.7830999999999997,0.137,0.835,0.028,0.9911,True
2018-04-04 16:36:14.175578,LA Clippers,1.338,25.436000000000003,0.226,2.2073,0.07,0.914,0.016,0.9523,True
2018-04-04 16:36:14.175578,Miami,3.177,22.535999999999998,1.287,2.1458,0.09,0.866,0.044,0.9619,True
2018-04-04 16:36:14.175578,Milwaukee,2.7810000000000006,22.815,1.405,2.4262999999999995,0.124,0.82,0.055,0.9785,True
2018-04-04 16:36:14.175578,Orlando,2.177,23.488999999999997,1.334,1.5333,0.088,0.857,0.055,0.9014,True
2018-04-04 16:36:14.175578,Golden State,1.5280000000000002,23.715,1.757,0.6177999999999999,0.064,0.874,0.061,0.4695,True
2018-04-04 16:36:14.175578,Philadelphia,3.97,22.016999999999996,1.013,4.296100000000001,0.153,0.786,0.061,0.9861,True
2018-04-04 16:36:14.175578,Phoenix,3.7170000000000005,20.021000000000004,1.2619999999999998,4.5893,0.187,0.753,0.06,0.9907,True
2018-04-04 16:36:14.175578,Utah,2.2319999999999998,22.75,2.018,1.6248999999999998,0.071,0.885,0.044,0.8687,True
2018-04-04 16:36:14.175578,Charlotte,1.789,22.793,0.41800000000000004,3.3464,0.127,0.846,0.027,0.9917,False
2018-04-04 16:36:14.175578,Toronto,3.747,21.183,1.07,2.271,0.119,0.823,0.058,0.9667,False
2018-04-04 16:36:14.175578,Portland,2.321,22.762,1.9160000000000001,0.9943,0.104,0.826,0.071,0.899,False
2018-04-04 16:36:14.175578,Indiana,2.053,22.495999999999995,1.451,0.3783000000000002,0.079,0.833,0.088,0.3826,False
2018-04-04 16:36:14.175578,Washington,2.312,22.663,2.025,-0.3713000000000001,0.082,0.825,0.092,0.5305,False
2018-04-04 16:36:14.175578,San Antonio,3.144,22.451,1.405,3.2932,0.131,0.79,0.079,0.9602,False
2018-04-04 16:36:14.175578,Atlanta,2.5420000000000003,24.086,0.372,3.6370000000000005,0.109,0.879,0.012,0.9757,False
2018-04-04 16:36:14.175578,Boston,1.9809999999999999,24.016,1.0030000000000001,2.7859999999999996,0.114,0.832,0.054,0.9814,False
2018-04-04 16:36:14.175578,New York,2.15,21.990999999999993,0.86,1.9673000000000003,0.08,0.887,0.032,0.9143,False
2018-04-04 16:36:14.175578,Oklahoma City,1.468,21.376,4.156000000000001,-5.223500000000002,0.073,0.771,0.156,-0.9889,False
2018-04-04 16:36:14.175578,Brooklyn,3.734,22.203,1.063,4.063000000000001,0.149,0.806,0.046,0.9835,False
2018-04-04 16:36:14.175578,Sacramento,2.705,23.081000000000003,1.214,2.291,0.166,0.784,0.051,0.9855,False
2018-04-04 16:36:14.175578,LA Lakers,3.157,23.225999999999992,0.617,7.691599999999998,0.188,0.781,0.03,0.9988,False
2018-04-05 16:34:31.157297,Miami,2.669,22.331000000000003,0.9990000000000001,4.171899999999999,0.1,0.855,0.045,0.9852,True
2018-04-05 16:34:31.157297,Philadelphia,2.849999999999999,23.747000000000003,0.403,5.4856,0.14,0.841,0.02,0.9911,True
2018-04-05 16:34:31.157297,LA Lakers,2.425,23.986999999999995,0.5900000000000001,3.8475,0.107,0.857,0.036,0.9891,True
2018-04-05 16:34:31.157297,New Orleans,1.2850000000000001,24.966,0.7489999999999999,0.7252999999999998,0.067,0.889,0.044,0.7742,True
2018-04-05 16:34:31.157297,Orlando,2.047,22.368000000000002,1.584,0.7936000000000001,0.09,0.847,0.063,0.8156,True
2018-04-05 16:34:31.157297,Toronto,4.14,21.288999999999998,0.571,4.1231,0.153,0.813,0.034,0.9865,True
2018-04-05 16:34:31.157297,Atlanta,4.873,20.755000000000003,0.372,5.309,0.198,0.778,0.024,0.9926,False
2018-04-05 16:34:31.157297,Detroit,1.382,24.223,1.395,-0.06410000000000005,0.066,0.89,0.044,0.8085,False
2018-04-05 16:34:31.157297,San Antonio,1.9389999999999998,24.236,0.8250000000000001,2.2782,0.085,0.88,0.035,0.952,False
2018-04-05 16:34:31.157297,Memphis,2.651,23.858000000000004,0.491,2.6250000000000004,0.124,0.846,0.03,0.9669,False
2018-04-05 16:34:31.157297,Dallas,1.856,23.054,2.09,0.08119999999999983,0.082,0.851,0.067,0.7798,False
2018-04-05 16:34:31.157297,Boston,1.5410000000000001,23.53,1.929,-0.03130000000000005,0.076,0.829,0.095,-0.7811,False
2018-04-06 16:34:37.367779,Cleveland,1.273,24.411,1.316,0.5037,0.059,0.9,0.04,0.7044,True
2018-04-06 16:34:37.367779,Denver,5.2669999999999995,21.439999999999998,0.293,7.6610000000000005,0.167,0.827,0.006,0.9921,True
2018-04-06 16:34:37.367779,Houston,1.267,22.707,3.027,-2.7727000000000004,0.083,0.807,0.109,-0.8198,True
2018-04-06 16:34:37.367779,Indiana,2.387,24.433,0.179,3.1102,0.102,0.893,0.005,0.9666,True
2018-04-06 16:34:37.367779,Brooklyn,3.1670000000000003,23.508000000000003,0.325,4.6177,0.124,0.851,0.025,0.9873,True
2018-04-06 16:34:37.367779,Utah,4.229,21.597,1.174,4.300199999999999,0.17,0.778,0.052,0.9883,True
2018-04-06 16:34:37.367779,Washington,1.764,22.507999999999996,1.728,-1.2033999999999998,0.067,0.826,0.107,-0.9332,False
2018-04-06 16:34:37.367779,Minnesota,1.6470000000000002,22.833000000000002,1.52,2.3087,0.111,0.844,0.045,0.9725,False
2018-04-06 16:34:37.367779,Portland,1.4540000000000002,24.363,1.183,0.4463999999999999,0.086,0.859,0.056,0.9096,False
2018-04-06 16:34:37.367779,Golden State,1.8810000000000002,24.232999999999997,0.8849999999999999,2.2072000000000003,0.089,0.867,0.043,0.9824,False
2018-04-06 16:34:37.367779,Milwaukee,2.596,22.163,2.241,0.11819999999999986,0.121,0.772,0.107,0.5597,False
2018-04-06 16:34:37.367779,LA Clippers,0.0,0.0,0.0,0.0,0.0,0.0,0.0,0.0,False
2018-04-09 16:35:00.071154,Atlanta,2.404,22.597,1.0,3.0958,0.138,0.817,0.044,0.9776,True
2018-04-09 16:35:00.071154,Indiana,3.0570000000000004,23.354,0.589,3.3735,0.111,0.84,0.05,0.8508,True
2018-04-09 16:35:00.071154,Utah,2.088,24.243,0.6689999999999999,2.593200000000001,0.117,0.853,0.03,0.9739,True
2018-04-09 16:35:00.071154,Memphis,3.444,21.383999999999997,2.172,1.1513,0.129,0.788,0.082,0.9482,True
2018-04-09 16:35:00.071154,Philadelphia,3.5150000000000006,21.604,1.881,2.6871,0.115,0.811,0.074,0.931,True
2018-04-09 16:35:00.071154,Golden State,2.919,22.980000000000004,1.0999999999999999,3.027,0.114,0.828,0.058,0.9702,True
2018-04-09 16:35:00.071154,Toronto,2.0980000000000003,23.575,1.3270000000000002,0.44460000000000005,0.085,0.844,0.072,0.6562,True
2018-04-09 16:35:00.071154,Boston,3.951999999999999,22.387999999999998,0.661,7.563999999999999,0.184,0.781,0.035,0.998,False
2018-04-09 16:35:00.071154,Charlotte,1.686,22.487000000000002,0.8270000000000002,1.0632000000000001,0.07,0.882,0.048,0.7735,False
2018-04-09 16:35:00.071154,LA Lakers,1.9240000000000002,22.824,1.251,3.1925000000000003,0.095,0.856,0.048,0.9754,False
2018-04-09 16:35:00.071154,Detroit,1.205,24.76,1.036,1.2629000000000001,0.07,0.877,0.053,0.3714,False
2018-04-09 16:35:00.071154,Dallas,3.321,22.206,1.474,1.9315999999999998,0.098,0.828,0.075,0.8659,False
2018-04-09 16:35:00.071154,Phoenix,4.311,20.569999999999997,1.119,4.6802,0.177,0.768,0.055,0.9906,False
2018-04-09 16:35:00.071154,Orlando,2.159,24.415000000000003,0.42600000000000005,1.8185999999999998,0.075,0.892,0.033,0.9234,False
2018-04-10 16:36:33.183918,Brooklyn,2.769,23.334999999999997,0.897,3.4434000000000005,0.142,0.815,0.043,0.9827,True
2018-04-10 16:36:33.183918,Denver,2.917,22.979,0.104,4.5368,0.145,0.847,0.008,0.988,True
2018-04-10 16:36:33.183918,Toronto,2.4979999999999998,24.199,0.303,3.823400000000001,0.097,0.888,0.015,0.9782,True
2018-04-10 16:36:33.183918,New Orleans,3.5119999999999996,22.994999999999997,0.493,4.9698,0.141,0.832,0.027,0.9876,True
2018-04-10 16:36:33.183918,Oklahoma City,4.773999999999999,21.623,0.603,6.2772,0.165,0.806,0.029,0.9928,True
2018-04-10 16:36:33.183918,Milwaukee,2.4520000000000004,23.785,0.764,2.7503,0.111,0.856,0.034,0.9705,True
2018-04-10 16:36:33.183918,Minnesota,5.3199999999999985,19.912,0.769,6.994199999999998,0.207,0.761,0.032,0.9959,True
2018-04-10 16:36:33.183918,Cleveland,3.9669999999999996,22.708000000000002,0.32499999999999996,7.629,0.159,0.827,0.014,0.9952,True
2018-04-10 16:36:33.183918,San Antonio,2.6300000000000003,23.634,0.736,2.9411,0.121,0.846,0.033,0.974,True
2018-04-10 16:36:33.183918,Chicago,1.71,23.923,0.367,1.7355,0.071,0.907,0.022,0.9451,False
2018-04-10 16:36:33.183918,Portland,2.9909999999999997,22.638999999999996,1.3689999999999998,2.1083000000000003,0.102,0.847,0.052,0.9276,False
2018-04-10 16:36:33.183918,Detroit,0.809,25.060999999999996,1.131,0.38139999999999996,0.049,0.893,0.057,-0.4764,False
2018-04-10 16:36:33.183918,LA Clippers,2.1639999999999997,21.868999999999996,1.967,0.15769999999999995,0.108,0.822,0.07,0.9328,False
2018-04-10 16:36:33.183918,Miami,1.408,23.878,0.7150000000000001,2.698300000000001,0.086,0.879,0.035,0.9791,False
2018-04-10 16:36:33.183918,Orlando,1.9449999999999998,23.242,0.813,1.628,0.105,0.86,0.034,0.9622,False
2018-04-10 16:36:33.183918,Memphis,3.315,22.593000000000004,1.092,2.9802999999999997,0.135,0.801,0.064,0.96,False
2018-04-10 16:36:33.183918,New York,3.6049999999999995,21.872999999999998,1.522,6.1298,0.202,0.771,0.026,0.9974,False
2018-04-10 16:36:33.183918,Sacramento,2.024,22.809000000000005,1.168,2.3182,0.116,0.836,0.048,0.9504,False
2018-04-11 16:36:20.362727,Philadelphia,4.537000000000001,20.796999999999997,0.6659999999999999,6.176200000000001,0.187,0.781,0.033,0.9934,True
2018-04-11 16:36:20.362727,Phoenix,2.4930000000000003,22.993,0.514,2.8242,0.092,0.884,0.024,0.9692,True
2018-04-11 16:36:20.362727,Charlotte,2.2279999999999998,21.558,1.214,0.8067000000000001,0.076,0.871,0.053,0.7471,True
2018-04-11 16:36:20.362727,Houston,1.8549999999999998,22.461000000000002,2.682,-1.0186000000000002,0.07,0.863,0.067,0.4964,True
2018-04-11 16:36:20.362727,Utah,3.122,22.939000000000004,0.9390000000000001,3.9514000000000005,0.172,0.781,0.048,0.995,True
2018-04-11 16:36:20.362727,Washington,0.8919999999999999,24.186999999999998,0.921,0.3291000000000001,0.061,0.899,0.04,0.7358,True
2018-04-11 16:36:20.362727,Atlanta,1.9629999999999999,23.218,1.818,0.5275999999999998,0.063,0.86,0.077,-0.7712,False
2018-04-11 16:36:20.362727,Dallas,3.1510000000000007,22.982000000000003,0.8660000000000001,4.3199000000000005,0.141,0.822,0.037,0.9863,False
2018-04-11 16:36:20.362727,Indiana,2.352,22.415999999999997,2.2289999999999996,-0.24439999999999984,0.111,0.79,0.098,0.4378,False
2018-04-11 16:36:20.362727,LA Lakers,3.2129999999999996,22.803,0.984,4.6979999999999995,0.137,0.83,0.033,0.9934,False
2018-04-11 16:36:20.362727,Golden State,1.899,23.421,1.682,0.42050000000000015,0.092,0.836,0.072,0.9412,False
2018-04-11 16:36:20.362727,Boston,3.0010000000000003,23.59,0.409,5.8047,0.128,0.847,0.024,0.993,False
2018-04-12 16:40:15.444515,Boston,2.535,24.285,0.18,7.561,0.091,0.903,0.006,0.9874,True
2018-04-12 16:40:15.444515,Detroit,1.298,24.517,1.185,-0.29029999999999995,0.066,0.894,0.04,0.7213,True
2018-04-12 16:40:15.444515,New York,1.939,24.086,0.975,2.4203,0.104,0.846,0.05,0.974,True
2018-04-12 16:40:15.444515,LA Lakers,2.956,23.118000000000002,0.925,6.481000000000002,0.118,0.85,0.032,0.9905,True
2018-04-12 16:40:15.444515,Miami,4.6080000000000005,22.085,0.306,7.618599999999999,0.123,0.854,0.023,0.9926,True
2018-04-12 16:40:15.444515,Minnesota,4.169,21.994000000000003,0.8380000000000001,4.291,0.133,0.831,0.037,0.9832,True
2018-04-12 16:40:15.444515,New Orleans,3.8719999999999994,22.683,0.446,6.3285,0.181,0.797,0.022,0.9951,True
2018-04-12 16:40:15.444515,Oklahoma City,5.371,20.886,0.743,9.2668,0.209,0.766,0.025,0.9971,True
2018-04-12 16:40:15.444515,Orlando,2.16,21.903000000000002,1.9360000000000002,1.0343,0.103,0.836,0.061,0.9075,True
2018-04-12 16:40:15.444515,Philadelphia,6.403000000000001,19.267000000000003,0.33,9.834500000000002,0.281,0.693,0.027,0.9982,True
2018-04-12 16:40:15.444515,Portland,5.593,19.537999999999997,0.87,7.331799999999999,0.231,0.74,0.028,0.9972,True
2018-04-12 16:40:15.444515,Sacramento,3.383,22.778,0.839,3.9292,0.109,0.87,0.021,0.9824,True
2018-04-12 16:40:15.444515,Brooklyn,2.67,23.561,0.77,2.3909000000000002,0.086,0.877,0.037,0.9127,False
2018-04-12 16:40:15.444515,Chicago,2.018,24.295,0.6869999999999999,3.0989,0.084,0.894,0.022,0.9793,False
2018-04-12 16:40:15.444515,Cleveland,2.549,24.299,0.152,3.0156,0.069,0.921,0.01,0.9518,False
2018-04-12 16:40:15.444515,LA Clippers,2.157,23.852,0.991,3.0543999999999993,0.112,0.862,0.026,0.9764,False
2018-04-12 16:40:15.444515,Toronto,3.548,22.168,1.284,3.8526,0.136,0.82,0.044,0.9663,False
2018-04-12 16:40:15.444515,Denver,2.93,22.523999999999994,1.546,1.6632000000000002,0.118,0.817,0.065,0.9431,False
2018-04-12 16:40:15.444515,San Antonio,3.449,22.866999999999997,0.6849999999999999,3.7144000000000004,0.134,0.826,0.04,0.9805,False
2018-04-12 16:40:15.444515,Memphis,2.79,23.641000000000002,0.569,3.2412,0.094,0.881,0.024,0.9233,False
2018-04-12 16:40:15.444515,Washington,2.748,22.595999999999997,1.6560000000000001,1.3755000000000002,0.111,0.813,0.076,0.9078,False
2018-04-12 16:40:15.444515,Milwaukee,2.854,22.672,0.474,4.2198,0.135,0.837,0.028,0.9879,False
2018-04-12 16:40:15.444515,Utah,2.868,21.488,2.6439999999999997,0.13370000000000004,0.172,0.692,0.135,0.939,False
2018-04-12 16:40:15.444515,Houston,3.598,22.580000000000002,0.8219999999999998,4.2367,0.143,0.822,0.035,0.9903,False
2018-04-15 16:34:45.998108,Golden State,2.061,23.105,1.8330000000000002,1.5291000000000001,0.089,0.861,0.05,0.9294,True
2018-04-15 16:34:45.998108,Philadelphia,4.371,22.442,0.187,5.7999,0.171,0.819,0.009,0.9943,True
2018-04-15 16:34:45.998108,New Orleans,3.0010000000000003,21.122000000000003,1.8780000000000001,1.8376000000000006,0.115,0.808,0.077,0.7891,True
2018-04-15 16:34:45.998108,Toronto,3.482,22.479000000000003,1.039,3.6814999999999998,0.145,0.816,0.039,0.9831,True
2018-04-15 16:34:45.998108,San Antonio,2.0490000000000004,24.090999999999998,0.859,1.9122000000000001,0.092,0.866,0.042,0.938,False
2018-04-15 16:34:45.998108,Miami,1.043,24.354000000000003,0.603,0.4703000000000001,0.046,0.918,0.036,0.6163,False
2018-04-15 16:34:45.998108,Portland,2.099,23.052999999999994,1.848,1.0196999999999998,0.08,0.855,0.065,0.6596,False
2018-04-15 16:34:45.998108,Washington,1.216,22.82,1.9640000000000002,-0.5518000000000001,0.079,0.83,0.091,-0.7359,False
2018-04-16 16:34:28.461746,Boston,2.021,24.245999999999995,0.7330000000000001,6.0055,0.125,0.837,0.038,0.9954,True
2018-04-16 16:34:28.461746,Indiana,5.345999999999999,19.825999999999997,0.8260000000000001,7.513300000000001,0.239,0.725,0.036,0.9968,True
2018-04-16 16:34:28.461746,Houston,1.929,23.893,1.1789999999999998,0.8061,0.085,0.852,0.062,0.6004,True
2018-04-16 16:34:28.461746,Oklahoma City,3.8019999999999996,23.198000000000004,0.0,5.604900000000001,0.154,0.846,0.0,0.9913,True
2018-04-16 16:34:28.461746,Milwaukee,2.7800000000000002,22.064000000000004,1.155,3.7662999999999998,0.132,0.825,0.043,0.984,False
2018-04-16 16:34:28.461746,Cleveland,1.9740000000000002,23.955000000000002,1.072,2.0246999999999997,0.095,0.861,0.044,0.9598,False
2018-04-16 16:34:28.461746,Minnesota,2.231,23.705999999999996,1.0630000000000002,1.6988,0.094,0.865,0.041,0.9516,False
2018-04-16 16:34:28.461746,Utah,2.524,22.953999999999994,1.522,0.7034000000000002,0.073,0.871,0.055,0.6644,False
2018-04-17 16:34:17.378951,Golden State,3.3250000000000006,22.374,1.302,2.9208000000000007,0.125,0.796,0.079,0.966,True
2018-04-17 16:34:17.378951,Miami,3.395,21.785,0.819,1.9184,0.09,0.868,0.042,0.9218,True
2018-04-17 16:34:17.378951,San Antonio,2.1340000000000003,23.347,1.52,1.173,0.109,0.834,0.057,0.9596,False
2018-04-17 16:34:17.378951,Philadelphia,0.0,0.0,0.0,0.0,0.0,0.0,0.0,0.0,False
2018-04-18 16:34:40.268330,Boston,2.6069999999999998,22.847999999999995,1.546,1.6108999999999998,0.106,0.83,0.064,0.9565,True
2018-04-18 16:34:40.268330,New Orleans,3.522,21.264,1.215,4.0155,0.148,0.799,0.053,0.9807,True
2018-04-18 16:34:40.268330,Toronto,4.301,21.708,0.9910000000000001,4.6764,0.152,0.795,0.053,0.9874,True
2018-04-18 16:34:40.268330,Milwaukee,0.0,0.0,0.0,0.0,0.0,0.0,0.0,0.0,False
2018-04-18 16:34:40.268330,Portland,2.553,22.094999999999995,2.352,0.4563,0.119,0.776,0.105,0.6717,False
2018-04-18 16:34:40.268330,Washington,2.9229999999999996,21.786,1.2910000000000001,1.6792,0.109,0.838,0.053,0.9164,False
2018-04-19 16:34:19.702686,Cleveland,2.56,23.34,1.1,3.5931999999999995,0.144,0.801,0.055,0.9882,True
2018-04-19 16:34:19.702686,Houston,3.353,22.489000000000004,1.157,3.4753,0.184,0.765,0.051,0.9965,True
2018-04-19 16:34:19.702686,Utah,6.571,20.186,0.242,9.7535,0.207,0.773,0.02,0.9969,True
2018-04-19 16:34:19.702686,Indiana,3.16,21.694000000000003,1.1460000000000001,2.4493000000000005,0.131,0.821,0.048,0.952,False
2018-04-19 16:34:19.702686,Minnesota,3.451,21.854,1.695,1.831,0.163,0.734,0.103,0.9619,False
2018-04-19 16:34:19.702686,Oklahoma City,2.722,22.58,1.6989999999999998,1.6136000000000001,0.124,0.812,0.063,0.9689,False
2018-04-20 16:34:24.320302,Philadelphia,4.443,21.815000000000005,0.743,5.7896,0.188,0.774,0.038,0.9959,True
2018-04-20 16:34:24.320302,New Orleans,0.0,0.0,0.0,0.0,0.0,0.0,0.0,0.0,True
2018-04-20 16:34:24.320302,Golden State,0.0,0.0,0.0,0.0,0.0,0.0,0.0,0.0,True
2018-04-20 16:34:24.320302,Miami,2.078,22.785999999999998,2.136,1.7374999999999998,0.086,0.872,0.043,0.939,False
2018-04-20 16:34:24.320302,Portland,1.823,22.627999999999997,1.549,-0.7015,0.073,0.829,0.098,-0.8821,False
2018-04-20 16:34:24.320302,San Antonio,0.0,0.0,0.0,0.0,0.0,0.0,0.0,0.0,False
2018-04-21 16:34:20.938797,Indiana,0.0,0.0,0.0,0.0,0.0,0.0,0.0,0.0,True
2018-04-21 16:34:20.938797,Milwaukee,2.425,23.561,1.014,3.7779000000000003,0.16,0.777,0.063,0.9855,True
2018-04-21 16:34:20.938797,Washington,0.0,0.0,0.0,0.0,0.0,0.0,0.0,0.0,True
2018-04-21 16:34:20.938797,Cleveland,0.0,0.0,0.0,0.0,0.0,0.0,0.0,0.0,False
2018-04-21 16:34:20.938797,Boston,0.0,0.0,0.0,0.0,0.0,0.0,0.0,0.0,False
2018-04-21 16:34:20.938797,Toronto,0.0,0.0,0.0,0.0,0.0,0.0,0.0,0.0,False
2018-04-22 16:34:17.047273,Philadelphia,3.5359999999999996,22.683999999999997,0.78,5.746400000000001,0.142,0.826,0.032,0.9912,True
2018-04-22 16:34:17.047273,Minnesota,3.0549999999999997,21.805999999999997,1.14,3.2989,0.158,0.798,0.044,0.9838,True
2018-04-22 16:34:17.047273,New Orleans,4.531,20.458000000000002,1.0100000000000002,7.577499999999999,0.147,0.816,0.037,0.9875,True
2018-04-22 16:34:17.047273,Utah,4.146999999999999,22.027000000000008,0.8260000000000001,3.6058000000000003,0.161,0.79,0.049,0.9805,True
2018-04-22 16:34:17.047273,Miami,2.638,22.118000000000002,1.244,1.7955000000000005,0.099,0.846,0.055,0.9442,False
2018-04-22 16:34:17.047273,Houston,0.0,0.0,0.0,0.0,0.0,0.0,0.0,0.0,False
2018-04-22 16:34:17.047273,Portland,2.106,24.169000000000004,0.724,2.8742,0.104,0.854,0.042,0.9743,False
2018-04-22 16:34:17.047273,Oklahoma City,2.23,23.25,1.5210000000000001,0.5455999999999998,0.093,0.825,0.081,0.558,False
2018-04-23 16:34:23.815141,Cleveland,1.8209999999999997,25.029000000000003,0.15,2.5258,0.09,0.898,0.012,0.9573,True
2018-04-23 16:34:23.815141,Milwaukee,0.0,0.0,0.0,0.0,0.0,0.0,0.0,0.0,True
2018-04-23 16:34:23.815141,San Antonio,4.038,22.247,0.7150000000000001,6.052,0.121,0.856,0.024,0.9824,True
2018-04-23 16:34:23.815141,Washington,0.0,0.0,0.0,0.0,0.0,0.0,0.0,0.0,True
2018-04-23 16:34:23.815141,Indiana,3.901,21.220000000000002,0.8799999999999999,5.2592,0.189,0.777,0.034,0.9911,False
2018-04-23 16:34:23.815141,Boston,4.227,22.773000000000003,0.0,7.9944999999999995,0.186,0.814,0.0,0.9985,False
2018-04-23 16:34:23.815141,Golden State,0.0,0.0,0.0,0.0,0.0,0.0,0.0,0.0,False
2018-04-23 16:34:23.815141,Toronto,0.0,0.0,0.0,0.0,0.0,0.0,0.0,0.0,False
2018-04-24 16:34:19.026745,Houston,3.5209999999999995,22.822999999999997,0.656,4.515299999999999,0.202,0.771,0.027,0.9949,True
2018-04-24 16:34:19.026745,Utah,4.640000000000001,21.471999999999994,0.887,4.890299999999999,0.197,0.751,0.052,0.996,True
2018-04-24 16:34:19.026745,Minnesota,1.872,21.987,2.141,-0.40810000000000013,0.081,0.82,0.098,-0.7095,False
2018-04-24 16:34:19.026745,Oklahoma City,2.226,22.233999999999998,2.5389999999999997,-1.4041,0.078,0.809,0.113,-0.9145,False
2018-04-25 16:34:26.920710,Boston,3.5520000000000005,22.213,1.236,5.617699999999999,0.103,0.816,0.081,0.9225,True
2018-04-25 16:34:26.920710,Golden State,0.0,0.0,0.0,0.0,0.0,0.0,0.0,0.0,True
2018-04-25 16:34:26.920710,Philadelphia,3.1199999999999997,22.703999999999997,1.1760000000000002,3.6824999999999997,0.149,0.808,0.044,0.9887,True
2018-04-25 16:34:26.920710,Milwaukee,0.0,0.0,0.0,0.0,0.0,0.0,0.0,0.0,False
2018-04-25 16:34:26.920710,San Antonio,0.0,0.0,0.0,0.0,0.0,0.0,0.0,0.0,False
2018-04-25 16:34:26.920710,Miami,4.7989999999999995,20.487000000000005,1.713,4.140700000000001,0.146,0.8,0.054,0.9769,False
2018-04-26 16:34:29.162052,Cleveland,0.0,0.0,0.0,0.0,0.0,0.0,0.0,0.0,True
2018-04-26 16:34:29.162052,Houston,2.261,24.068,0.671,3.2493000000000003,0.123,0.842,0.035,0.9806,True
2018-04-26 16:34:29.162052,Oklahoma City,0.0,0.0,0.0,0.0,0.0,0.0,0.0,0.0,True
2018-04-26 16:34:29.162052,Toronto,0.0,0.0,0.0,0.0,0.0,0.0,0.0,0.0,True
2018-04-26 16:34:29.162052,Indiana,1.956,23.049000000000007,0.994,1.3601,0.094,0.855,0.051,0.9146,False
2018-04-26 16:34:29.162052,Minnesota,2.9849999999999994,22.155,0.86,2.7401,0.103,0.856,0.041,0.9719,False
2018-04-26 16:34:29.162052,Utah,0.0,0.0,0.0,0.0,0.0,0.0,0.0,0.0,False
2018-04-26 16:34:29.162052,Washington,1.471,24.44,1.09,0.3842999999999999,0.08,0.856,0.063,0.8195,False
2018-04-27 16:34:14.365156,Milwaukee,2.07,24.671,0.259,4.4564,0.111,0.882,0.007,0.9877,True
2018-04-27 16:34:14.365156,Boston,1.8039999999999998,22.983999999999995,2.21,-0.3243999999999998,0.086,0.835,0.079,0.4382,False
2018-04-28 16:34:23.431296,Indiana,5.4030000000000005,20.744999999999997,0.853,6.585300000000002,0.205,0.749,0.046,0.9922,True
2018-04-28 16:34:23.431296,Utah,0.0,0.0,0.0,0.0,0.0,0.0,0.0,0.0,True
2018-04-28 16:34:23.431296,Toronto,0.0,0.0,0.0,0.0,0.0,0.0,0.0,0.0,True
2018-04-28 16:34:23.431296,Cleveland,3.628999999999999,22.660999999999998,0.71,6.3576,0.195,0.768,0.038,0.9956,False
2018-04-28 16:34:23.431296,Oklahoma City,0.0,0.0,0.0,0.0,0.0,0.0,0.0,0.0,False
2018-04-28 16:34:23.431296,Washington,0.0,0.0,0.0,0.0,0.0,0.0,0.0,0.0,False
2018-04-29 16:34:22.637796,Boston,1.695,24.174999999999997,1.13,1.6474,0.084,0.861,0.055,0.9333,True
2018-04-29 16:34:22.637796,Golden State,2.636,23.160999999999998,1.203,3.8787000000000003,0.111,0.858,0.031,0.9847,True
2018-04-29 16:34:22.637796,Milwaukee,3.564,21.881999999999998,1.552,5.352799999999999,0.143,0.798,0.058,0.9911,False
2018-04-29 16:34:22.637796,New Orleans,0.0,0.0,0.0,0.0,0.0,0.0,0.0,0.0,False
2018-04-30 16:34:18.067172,Cleveland,0.0,0.0,0.0,0.0,0.0,0.0,0.0,0.0,True
2018-04-30 16:34:18.067172,Houston,3.3320000000000007,23.198,0.47000000000000003,3.9918000000000005,0.133,0.845,0.022,0.9874,True
2018-04-30 16:34:18.067172,Indiana,0.0,0.0,0.0,0.0,0.0,0.0,0.0,0.0,False
2018-04-30 16:34:18.067172,Utah,0.0,0.0,0.0,0.0,0.0,0.0,0.0,0.0,False
2018-05-01 16:34:15.685744,Boston,2.129,23.496000000000002,1.3739999999999999,1.2895000000000003,0.077,0.869,0.054,0.9149,True
2018-05-01 16:34:15.685744,Philadelphia,0.0,0.0,0.0,0.0,0.0,0.0,0.0,0.0,False
2018-05-02 16:34:23.059304,Golden State,2.365,23.531000000000002,1.106,2.8545,0.119,0.81,0.071,0.9718,True
2018-05-02 16:34:23.059304,Cleveland,2.9959999999999996,23.354,0.65,3.4082,0.12,0.847,0.033,0.98,True
2018-05-02 16:34:23.059304,New Orleans,2.07,23.379,0.5509999999999999,3.198,0.083,0.899,0.018,0.975,False
2018-05-02 16:34:23.059304,Toronto,0.0,0.0,0.0,0.0,0.0,0.0,0.0,0.0,False
2018-05-03 16:34:07.259386,Utah,4.69,20.295,2.016,5.2733,0.168,0.763,0.069,0.9902,True
2018-05-03 16:34:07.259386,Houston,2.175,23.770999999999994,1.055,1.7345,0.114,0.831,0.054,0.9377,False
2018-05-04 16:34:12.581312,Boston,3.515,22.441999999999993,1.0430000000000001,5.4414,0.166,0.791,0.043,0.9962,True
2018-05-04 16:34:12.581312,Cleveland,2.9530000000000003,23.419,0.628,4.2693,0.125,0.842,0.033,0.9853,True
2018-05-04 16:34:12.581312,Philadelphia,3.22,22.572999999999997,1.207,2.2066000000000003,0.119,0.828,0.052,0.955,False
2018-05-04 16:34:12.581312,Toronto,2.4570000000000003,22.903,1.6400000000000001,0.7022999999999998,0.11,0.798,0.092,0.6942,False
2018-05-05 16:34:11.983617,New Orleans,3.5440000000000005,22.072000000000003,0.384,4.6381000000000006,0.119,0.857,0.024,0.985,True
2018-05-05 16:34:11.983617,Houston,0.0,0.0,0.0,0.0,0.0,0.0,0.0,0.0,True
2018-05-05 16:34:11.983617,Golden State,0.0,0.0,0.0,0.0,0.0,0.0,0.0,0.0,False
2018-05-05 16:34:11.983617,Utah,3.3260000000000005,20.764,1.9100000000000001,2.757,0.155,0.778,0.067,0.9848,False
2018-05-06 16:34:13.812681,Cleveland,2.966,23.441,0.592,3.2030000000000003,0.129,0.826,0.045,0.9831,True
2018-05-06 16:34:13.812681,Boston,0.0,0.0,0.0,0.0,0.0,0.0,0.0,0.0,True
2018-05-06 16:34:13.812681,Toronto,0.0,0.0,0.0,0.0,0.0,0.0,0.0,0.0,False
2018-05-06 16:34:13.812681,Philadelphia,2.7199999999999998,22.509,0.7719999999999999,2.0585,0.102,0.845,0.053,0.8824,False
2018-05-07 16:34:08.435844,Golden State,1.16,24.409000000000002,1.431,-1.2159,0.049,0.879,0.072,-0.8602,True
2018-05-07 16:34:08.435844,Houston,0.0,0.0,0.0,0.0,0.0,0.0,0.0,0.0,True
2018-05-07 16:34:08.435844,New Orleans,2.801,22.928,0.271,4.4777,0.106,0.878,0.016,0.985,False
2018-05-07 16:34:08.435844,Utah,3.8850000000000002,19.545,2.571,2.4097999999999997,0.153,0.731,0.116,0.9504,False
2018-05-08 16:34:10.299537,Cleveland,0.0,0.0,0.0,0.0,0.0,0.0,0.0,0.0,True
2018-05-08 16:34:10.299537,Philadelphia,0.0,0.0,0.0,0.0,0.0,0.0,0.0,0.0,True
2018-05-08 16:34:10.299537,Toronto,3.9360000000000004,21.459,1.605,2.799500000000001,0.118,0.802,0.081,0.7317,False
2018-05-08 16:34:10.299537,Boston,1.9509999999999996,23.934,1.117,1.6699999999999997,0.099,0.84,0.062,0.9446,False
2018-05-09 16:34:11.359419,Golden State,0.0,0.0,0.0,0.0,0.0,0.0,0.0,0.0,True
2018-05-09 16:34:11.359419,Houston,4.9190000000000005,21.301,0.782,4.5527999999999995,0.16,0.806,0.034,0.9813,True
2018-05-09 16:34:11.359419,New Orleans,2.4789999999999996,22.657999999999998,0.863,1.9602,0.084,0.876,0.04,0.9152,False
2018-05-09 16:34:11.359419,Utah,0.0,0.0,0.0,0.0,0.0,0.0,0.0,0.0,False
2018-05-10 16:34:13.075025,Boston,2.466,23.594,0.941,4.139,0.126,0.806,0.068,0.9857,True
2018-05-10 16:34:13.075025,Philadelphia,4.508,21.599,0.8920000000000001,7.402100000000003,0.205,0.746,0.048,0.998,False
